model_name,task,mode,label_mapping,accuracy,accuracy_ci_lower,accuracy_ci_upper,precision,precision_ci_lower,precision_ci_upper,recall,recall_ci_lower,recall_ci_upper,f1,f1_ci_lower,f1_ci_upper,auc,auc_ci_lower,auc_ci_upper,auprc,auprc_ci_lower,auprc_ci_upper,average_precision,average_precision_ci_lower,average_precision_ci_upper,specificity,specificity_ci_lower,specificity_ci_upper,ece,ece_ci_lower,ece_ci_upper,brier_score,brier_score_ci_lower,brier_score_ci_upper,p_value
icardio_vitl16_336px_e200,TR,linear_probe_val,"{""Mild"":0,""Moderate"":1,""Normal"":2,""Severe"":3,""Trace"":4}",0.5101663585951941,0.4973813924830561,0.522181146025878,0.2970628312274326,0.2755853658604651,0.3246078786545404,0.2655071355604517,0.2574052264157158,0.2736996403859024,0.2690385061442142,0.2592199845662258,0.2793581496934256,0.7056450518460304,0.6698527698067263,0.737058725852256,0.0,0.0,0.0,0.2975086592682754,0.2899048718226474,0.3104486417166742,0.8306758108524874,0.8267204815056733,0.834299705031636,0.0230303926511598,0.0137583027025128,0.0348208622523776,0.600672958931454,0.5940737921479633,0.6077757112813467,0.0
icardio_vitl16_336px_e200,TR,linear_probe_test,"{""Mild"":0,""Moderate"":1,""Normal"":2,""Severe"":3,""Trace"":4}",0.49785775492716366,0.4856898029134533,0.5098586118251928,0.2896274785849222,0.26815362764141043,0.3173444251911966,0.26233154523680235,0.2543830298224862,0.2711657790275633,0.2654179746079576,0.2555374200258903,0.2768527834332979,0.7126233112710636,0.6950327744229977,0.7292749889561637,0.0,0.0,0.0,0.28928646423181936,0.2809082934456704,0.30776493720531706,0.8274429922905451,0.8240358295917565,0.8312100375328126,0.01664769995794811,0.010515751891929883,0.03020460598164372,0.6088893808049926,0.6018441336342066,0.6157012270128194,0.0
